Name,Webseite,Telefon,Email,Ort
Lucas Architekten,https://www.lucas-architekten.com/,496182820620,kontakt@lucas-architekten.com,Hainburg
Bernhard Post Architekt,https://www.architekt-bpost.de/,49618227575,kontakt@architekt-bpost.de,Seligenstadt
WHN Planungsgesellschaft mbH,https://www.whn-planer.de/,4961828959888,info@whn-planer.de,Seligenstadt
Architekt Dipl.-Ing. Dirk Appel,http://www.dirk-appel-architekt.de/,496188991631,mail@dirk-appel-architekt.de,Karlstein
SIGNUM 7 STUDIOS,http://signum7.com/,496188990102,hello@signum7.com,Karlstein
JULIBLAU ARCHITEKTEN GmbH,https://www.juliblau-architekten.de/,491707722977,info@juliblau-architekten.de,Hanau
URBAN CONCEPT GmbH,https://www.urban-concept.team/,49618193710,info@urban-concept.team,Hanau
Klaus Heim GmbH Architektur + Stadtplanung,https://www.klaus-heim.com/,49618193710,info@klaus-heim.com,Hanau
Kirsten Dehne Architekten,https://www.dparchitekten.de/,496181379515,info@dparchitekten.de,Hanau
"Eveline Jilg-Meiser, Dipl.-Ing. Freie Architektin (VDA)",https://www.jilg-meiser.de/,491726714840,webmaster@jilg-meiser.de,Hanau
Christiane Bergau,https://www.christianebergau.de/,49618162857,christiane@bergau-architektin.de,Hanau
plan3eck,https://plan3eck.de/,4961819399840,info@plan3eck.de,Hanau
Architekturbüro Gerhard Sulzmann,http://www.architektsulzmann.de/,496181184679,info@architektsulzmann.de,Hanau
FTA - Faruk Tepe Architektur,/,491748760685,/,Hanau
Planungs- und Ingenieurbüro atelier³,https://www.atelier-hoch3.de/,4915253729499,info@atelier-hoch3.de,Hanau
planwerk gmbh,https://planwerk-gmbh.com/,4961813049980,info@planwerk-gmbh.com,Hanau
CNK Planungsgesellschaft,https://c-n-k.de/,49618192381,info@c-n-k.de,Hanau
heitzenröderarchitekten Gmbh,https://heitzenroeder-architekten.de/,496181300430,office@heitzenroeder-architekten.de,Hanau
SAM Hochbau Planungs GmbH,https://www.s-am.eu/,490607364606,info@s-am.eu,Babenhausen
Atuk-Architekten,https://www.atuk-architekten.de/,496182827746,info@atuk-architekten.de,Mainhausen
Planungsbüro Gerd Oczko,http://www.oczko.de/,49610679210,planungsbuero@oczko.de,Rodgau
Dipl.-Ing. Sven Loferer,https://www.loferer-planung.de/home.html,4961067793440,sven.loferer@loferer-planung.de,Rodgau
Bernd Becker,https://www.architekt-bb.de/,49061044880,info@architekt-bb.de,Obertshausen
Buehr Architekten bda,https://www.buehr-architekten.de/,496989907025,info@buehr-architekten.de,Offenbach-Bieber
Demuth Architekten,https://www.demutharchitekten.de/,4969822010,mail@demutharchitekten.de,Offenbach-Bieber
KP ARCHITEKTUR | Markus Karow,https://kp-plan.de/,49698090970,info@kp-plan.de,Heusenstamm
ST_S Studio Schermelleh,https://studio-schermelleh.de/,4961046005596,mail@studio-schermelleh.de,Heusenstamm
Werk2Wei,https://www.werk2wei.de/,4961046003666,d.posselt@werk2wei.de,Heusenstamm
oppermann architekten,https://oppermann-architekten.de/,496104923338,info@oppermann-architekten.de,Heusenstamm
DER PURIST I KNOLL planungsbuero,https://derpurist.com/,4961047761558,info@knoll-planungsbuero.de,Heusenstamm
architektur und energie,http://architektur-und-energie.net/,4960742155603,info@architektur-und-energie.net,Dietzenbach
Alpha,https://alphagc.de/,4960744826910,info@alphagc.de,Dietzenbach
Ingenieurin (FH) Architektur Agnes Mandler,https://brandschutz-mandler.de/,49607444758,info@brandschutz-mandler.de,Rödermark
Huther & Karawassilis Bauplan GmbH,https://www.hk-bauplan.de/,496074400950,info@hk-bauplan.de,Rödermark
Architekturbüro Shams Consult Architektur und Stadtplanung,https://www.shams-consult.de/,4960742398782,office@shams-consult.de,Rödermark
Dense Architekt,http://www.dense-architekten.de/,496074400776,info@dense-architekten.de,Rödermark Urberach
Architektur- und Sachverständigenbüro Dipl.-Ing. Christine Hartmann-Neuberger,https://www.hartmannarchitektur.de/,4960711620,mail@HartmannArchitektur.de,Dieburg
Steinweg Architekten Kloft & Wenzl,https://www.steinweg-architekten.de/,496071928994,info@steinweg-architekten.de,Dieburg
Architekt Florian Seitz,https://architektseitz.com/,4960718818147,kontakt@architektseitz.com,Dieburg
Kurt Werdecker,http://architekt-werdecker.eu/,49607141660,info@architekt-werdecker.de,Groß-Zimmern
Tremel Architekten,https://www.tremel-architekten.de/,49607197930,tremel@tremel-architekten.de,Groß-Zimmern
Seipel^Partner Architekten,https://www.seipel-partner.de/,49610890950,info@seipel-partner.de,Mühlheim am Main
ICS Design Team GmbH Entwurf + Planung,https://www.ics-design.net/,496108822000,info@ics-design.net,Mühlheim am Main
Brand Architekten,http://www.architekten-brand.de/,496108823896,info@architekten-brand.de,Mühlheim am Main
aam architektur atelier maintal,https://www.ths-architekten.de/,4961814243250,thsArchitekten@gmx.de,Maintal
Architekturbüro Fischer,https://www.fischer-maintal.com/,496181439020,direkt@fischer-maintal.com,Maintal
Sabine Korn,https://www.korn-architektur.de/,4961816688578,/,Maintal
RAUM+ Planungsbüro - Nabil Afzali,https://raumplus-planung.com/,4969257375428,mail@raumplus-planung.com,Maintal
Dipl.-Ing. Klaus Bitzer Architektur- und Sachverständigenbüro,http://bitzer-planungsteam.de/,4961814237957,info@bitzer-planungsteam.de,Maintal
Pischulti + Münchenberg,http://www.pm-architekten.de/Home.html,49610969600,office@pm-architekten.de,Maintal
Mathis Architektur + Design GmbH,https://www.mathis-architektur.de/,49698004406,h.mathis@mathis-architektur.com,Offenbach am Main
Fritz Wellnitz Architekt,https://www.wellnitzarchitekten.de/website/,4969833011,buero@wellnitzarchitekten.de,Offenbach am Main
pätzold kremer architekten,https://paetzold-kremer.de/,496983004670,office@paetzold-kremer.de,Offenbach am Main
Bau Art Projekt GmbH & Co.KG.,http://www.bauartdesignyourhome.de/,496983838648,info@BauArtDesignyourHome.de,Offenbach am Main
Gesamtplanungsbüro,https://www.gesamtplanungsbuero.de/,490698003036,projekt@gesamtplanungsbuero.de ,Offenbach am Main
CHD Projects GmbH,https://chd-projects.com/,4915222611764,mail@chd-projects.com,Offenbach am Main
Render Vision,https://render-vision.de/,496995867826,info@render-vision.de,Offenbach am Main
Architekt Hilmar Bauer,http://www.hilmarbauer.de/,496982366040,architekt@hilmarbauer.de,Offenbach am Main
Dobberstein Realisierungsmanagement,https://www.dobberstein-architekten.de/,496915246938,sekretariat@dobberstein-architekten.de,Offenbach am Main
MMZ GmbH Architekten BDA,https://www.mmz.eu/,496940353750,info@mmz.eu,Offenbach am Main
"dieWerkplaner, Daniel Schmidts - Architekt",https://www.diewerkplaner.com/,496924754930,info@diewerkplaner.com,Offenbach am Main
Architekt Thilo Meister,https://www.meisterarchitektur.de/,496940500161,t.meister@meisterarchitektur.de,Frankfurt am Main
KSP ENGEL GmbH,https://www.ksp-engel.com/,49699443940,frankfurt@ksp-engel.com,Frankfurt am Main
hillstudio - Architekten GmbH,https://www.hill-studio.eu/,49069348795700,office@hill-studio.eu,Frankfurt am Main
Hamm Architekten und Ingenieure,https://www.hammarchitekten.de/,496920735351,a.hamm@hammarchitekten.de,Frankfurt am Main
Dietz Joppien Hammerschmidt GmbH,https://djh-architekten.de/,496996244960,frankfurt@djh-architekten.de,Frankfurt am Main
geiseler gergull architekten.GmbH,http://www.gga-architekten.de/,496994415540,mail@gga-architekten.de,Frankfurt am Main
ARCTEC GmbH,https://arctec-ffm.de/,49694089820,info@arctec-ffm.de,Frankfurt am Main
TilmanLange Braun & Schlockermann Architekten GmbH BDA,https://tlbs-architekten.de/,4969905530,info@tlbs-architekten.de     ,Frankfurt am Main
wörner traxler richter,https://wtr-architekten.de/,4969959100900,ffm@wtr-architekten.de,Frankfurt am Main
essential ,https://www.essential-architekten.de/,496997671790,office@essential-architekten.de,Frankfurt am Main
Ferdinand Heide Architekt,https://www.ferdinand-heide.de/,49694208270,info@ferdinand-heide.de,Frankfurt am Main
Architektei Mey GmbH,https://architektei-mey.de/,49699433780,office@architektei-mey.de,Frankfurt am Main
"amaroo concept
",https://amarooconcept.de/,496915391206,info@amarooconcept.com,Frankfurt am Main
AJ Generalplaner GmbH,https://ajgp.de/,491796686615,info@aj-gp.de,Frankfurt am Main
UmbauStadt - Urbane Konzepte . Stadtplanung . Architektur,https://www.umbaustadt.de/,496942602606,kontakt@umbaustadt.de,Frankfurt am Main
Jürgen Kircher Architekt,https://architekt-kircher.de/,496947874731,service@ffm.media,Frankfurt am Main
"a5 Planung GmbH, Architektur | Ingenieurbüro",https://a-5.org/,49694500070,info-f@a-5.org,Frankfurt am Main
Moser Assoziierte Architekten,https://maarchitekten.com/,49699043190,info@maarchitekten.com,Frankfurt am Main
Hollin + Radoske Architekten,https://www.hollinradoske.com/,496948449890,info@HollinRadoske.de,Frankfurt am Main
Architektenkontor Faller & Krück works gmbh,https://www.architektenkontor.com/#!/home,496960326070,info@architektenkontor.com,Frankfurt am Main
Gerhard Stöckmann Gabriela Seifert Architekten,https://formalhaut.de/,496961991552,seifert.stoeckmann@formalhaut.de,Frankfurt am Main
AS+P Albert Speer + Partner GmbH,https://www.as-p.de/,49696050110,bewerbung@as-p.de,Frankfurt am Main
Fabritius Architekten,https://fabritiusarchitekten.de/,496994345412,office@fabritius-architekten.de,Frankfurt am Main
a + f Architektur u. Fassadenplanung Hans Honig,https://www.aplusf.de/,496961995455,office@aplusf.com,Frankfurt am Main
Ilter Architekten,https://www.ilter-architekten.de/,49692380792200,(Fromular auf Webseite),Frankfurt am Main
Philipp Architekten GmbH,https://www.philipparchitekten.de/,4969348735830,office@philipparchitekten.de,Frankfurt am Main
goedeking architekten,https://www.goedeking.de/,4969612620,architekten@goedeking.de,Frankfurt am Main
.bieker AG,https://bieker.ag/,496996244440,info@bieker.ag,Frankfurt am Main
MACK SPACES GmbH,https://mackspaces.com/,496994419599,office@mackspaces.com,Frankfurt am Main
Schmidt Plöcker Architekten PartG mbB,https://www.schmidtploecker.de/,496995932020,mail@schmidtploecker.de,Frankfurt am Main
Kai Kuhlmann Architekt,http://www.ueberfahrt13.de/,496021450581,Architektur@Ueberfahrt13.de,Aschaffenburg
Schlauersbach Architekten,https://www.schlauersbach-architekten.de/,4960213867755,schlauersbach.architekten@t-online.de,Aschaffenburg
Resonator Coop Architektur + Design,https://www.resonatorcoop.de/,496021449884,studio@resonatorcoop.de,Aschaffenburg
B3 Architekten,https://www.b3architekten.de/,4960214439930,info@b3architekten.de,Aschaffenburg
RitterBauer+PartnerArchitektenG,https://www.ritter-bauer.de/DE_index_1000.html,49602133960,rb@ritter-bauer.de,Aschaffenburg
Architekt Klaus W. Herbert,https://www.architekt-herbert.de/cms/website.php,4960215807538,ArchitektHERBERT@aol.com,Aschaffenburg
Seitz Architektur,https://www.seitzarchitektur.de/,496021580780,post@seitzarchitektur.de,Aschaffenburg
Architekturbüro Ackermann,https://www.ackermann-architekten.com/,49602122582,info@ackermann-architekten.com,Aschaffenburg